year,threshold_EUR_per_MWh
2021,66.89733205438738
2022,145.45617619841957
2023,63.12858404983108
2024,69.7702937400139
2025,77.90360163689148
