loss,threshold,lambda_low,lambda_high,positive_constant_lambda
2.753270555516978,0.527411194444445,2.0026076250749507,14.60639368186413,42.692790508774955
