{"sigma_mle":3.859633335760659e-07,"gaussian":{"mu":-0.00171453704824797,"sigma":7.387507368870912,"loglik":-59895.630563025334,"AIC":119795.26112605067},"nig":{"mu":0.2546164767849501,"delta":5.444988003121131,"alpha":0.1005578869199481,"beta":-0.004728674142632594,"loglik":-58130.927972556317,"AIC":116269.85594511263},"student_t":{"mu":0.04025537133304646,"sigma":5.054999822156814,"nu":4.000000000748286,"loglik":-58210.761167606608,"AIC":116427.52233521322},"note":"Fitted on dL_true=dL_BDY/sigma_mle. Simulate: X[n]=eAh*X[n-1]+ep*sigma_mle*dL_true_sim"}
