{
  "m_qmle": -1.3202360296578253e-06,
  "nu2_qmle": 9.616962436462109e-06,
  "loglik_qmle": 78808.19708751034,
  "reduced_likelihood_qmle": -8.829756715716346,
  "acf_weighted_mse_diagnostic": 0.003061587700527766,
  "objective": -8.829756715716346,
  "objective_type": "pure_exact_reduced_qmle_no_acf_penalty",
  "stationary_mean": -0.0001239089437508978,
  "carma_order": [
    5,
    4
  ],
  "ar_coefficients": [
    1.9888710813141752,
    0.9450157678555609,
    0.1623753159804766,
    0.05878677166924425,
    0.0011857267209841032
  ],
  "b_coefficients": [
    0.11128475687217423,
    0.7885565299121949,
    2.0323656953148816,
    10.844311583909573,
    1.0
  ],
  "ar_roots": [
    [
      -1.3578347211716604,
      0.0
    ],
    [
      -0.598686475643586,
      0.0
    ],
    [
      -0.021271917255745787,
      0.0
    ],
    [
      -0.00553898362159163,
      0.2617993877991494
    ],
    [
      -0.00553898362159163,
      -0.2617993877991494
    ]
  ],
  "ma_roots": [
    [
      -10.660514156867853,
      0.0
    ],
    [
      -0.15291189191666812,
      0.0
    ],
    [
      -0.015442767562525174,
      0.2608244192209297
    ],
    [
      -0.015442767562525174,
      -0.2608244192209297
    ]
  ],
  "ar_real_half_lives_h": [
    0.510479787968477,
    1.1577799211428892,
    32.58508258688898
  ],
  "ar_complex_half_life_h": 125.13977796539668,
  "ar_complex_half_life_fixed_h": 125.13977796539668,
  "ar_complex_period_h": 24.0,
  "ma_real_half_lives_h": [
    0.06502005159979991,
    4.532984137935376
  ],
  "ma_complex_half_life_h": 44.88490665636899,
  "ma_complex_period_h": 24.089712634833678,
  "restart_strategy": {
    "N_RESTARTS": 20,
    "MAXITER": 700,
    "start_type": "theta0 plus semi_global only",
    "SD_LOG_HL_AR_SEMI": 0.9,
    "SD_LOG_HL_MA_SEMI": 1.4,
    "SD_OMEGA_MA_SEMI": 0.25,
    "AR_REAL_BOUNDS_H": [
      0.3,
      720.0
    ],
    "MA_REAL_BOUNDS_H": [
      0.05,
      720.0
    ],
    "MA_COMPLEX_HL_BOUNDS_H": [
      0.05,
      720.0
    ],
    "MA_COMPLEX_OMEGA_BOUNDS": [
      0.0001,
      3.141492653589793
    ]
  },
  "source": "germany/germany23+24+25/03mle.ipynb",
  "note": "Pure exact Riccati QMLE over three real AR roots and MA roots; AR daily half-life fixed from notebook 02; b[-1]=1."
}