{
  "m_qmle": 8.47362145323182e-06,
  "nu2_qmle": 0.0001753614657878658,
  "loglik_qmle": 77709.04841084141,
  "reduced_likelihood_qmle": -8.746187152768698,
  "acf_weighted_mse": 0.000698783544016083,
  "penalized_objective": -8.739199317328538,
  "lambda_acf": 10.0,
  "stationary_mean": 0.0005834504063283859,
  "carma_order": [
    5,
    4
  ],
  "ar_coefficients": [
    0.18087800779087268,
    0.07295538845891951,
    0.011876286347583843,
    0.0002067768329561094,
    7.105208972921097e-08
  ],
  "b_coefficients": [
    4.892284940009692e-06,
    0.003871537895753019,
    0.06724759678143198,
    0.08086069290142928,
    1.0
  ],
  "ar_roots": [
    [
      -0.153230806643513,
      0.0
    ],
    [
      -0.01928856744118071,
      0.0
    ],
    [
      -0.0003506646334322716,
      0.0
    ],
    [
      -0.004003984536373364,
      0.2617993877991494
    ],
    [
      -0.004003984536373364,
      -0.2617993877991494
    ]
  ],
  "ma_roots": [
    [
      -0.05745411659757758,
      0.0
    ],
    [
      -0.001292632852259491,
      0.0
    ],
    [
      -0.011056971725796108,
      0.2564214319899505
    ],
    [
      -0.011056971725796108,
      -0.2564214319899505
    ]
  ],
  "ar_real_half_lives_h": [
    4.5235497726807115,
    35.93564854796266,
    1976.6669189746556
  ],
  "ar_complex_half_life_h": 173.11435003387103,
  "ar_complex_period_h": 24.0,
  "ar_complex_half_life_fixed_from_02": 173.11435003387103,
  "ma_real_half_lives_h": [
    12.064360599518299,
    536.228968146942
  ],
  "ma_complex_half_life_h": 62.68869974070937,
  "ma_complex_period_h": 24.503354725145723,
  "source": "germany/germany23+24+25/03mle.ipynb",
  "note": "Joint exact Riccati QMLE over labelled real AR roots and MA roots; AR daily root fixed from notebook 02; b[-1]=1."
}