{
  "gaussian": {
    "mean": 1.890646153961417e-06,
    "variance": 0.00017518198732935223,
    "std": 0.013235633242476622,
    "m_rate": 1.890646153961417e-06,
    "nu2_rate": 0.00017518198732935223,
    "N": 26304
  },
  "nig": {
    "mu": 0.0007404548728372035,
    "delta": 0.0068702230558169075,
    "alpha": 47.467041650322386,
    "beta": -5.073598150809027,
    "gamma": 47.195112510063446,
    "scipy_a": 0.3261091639374663,
    "scipy_b": -0.03485675099163821,
    "scipy_loc": 0.0007404548728372035,
    "scipy_scale": 0.0068702230558169075,
    "loglik": 83441.83348253672,
    "mean": 1.8879082133629183e-06,
    "variance": 0.00014725297956620965,
    "std": 0.012134783869777396,
    "skew": -0.5631333189008096,
    "excess_kurtosis": 9.675204027271546,
    "success": true,
    "message": "CONVERGENCE: RELATIVE REDUCTION OF F <= FACTR*EPSMCH",
    "N": 26304
  },
  "source": "recovered hourly Levy increments from germany/germany23+24+25/03mle.ipynb"
}