{
  "scipy_shape_a": 0.5448387657173037,
  "scipy_shape_b": -0.018195134036891887,
  "scipy_loc": 0.00025762226524132445,
  "scipy_scale": 0.007462031022466254,
  "alpha": 73.0148084451719,
  "beta": -2.4383621539646545,
  "delta": 0.007462031022466254,
  "mu": 0.00025762226524132445,
  "mean": 8.28532888395362e-06,
  "variance": 0.00010237007694027429,
  "std": 0.010117809888522036,
  "skew": -0.1357674522391611,
  "excess_kurtosis": 5.533866188586054,
  "N": 17520,
  "source": "03mle.ipynb recovered CARMA(4,3) Levy increments"
}