{
  "selected": {
    "Kr": 3,
    "Kc": 1,
    "order": 5
  },
  "roots": [
    [
      -0.5590177349601319,
      0.0
    ],
    [
      -0.020229433263706725,
      0.0
    ],
    [
      -0.00041258760747615826,
      0.0
    ],
    [
      -0.006835740132387514,
      0.2617993877991494
    ],
    [
      -0.006835740132387514,
      -0.2617993877991494
    ]
  ],
  "ar_coefficients": [
    0.5933312360960898,
    0.08805805587317839,
    0.03991887788308909,
    0.0007920635517791201,
    3.200064412471278e-07
  ],
  "b_coefficients": [
    1.9216978975206263e-05,
    0.015254428090017712,
    0.07728508244203283,
    0.2605488633981983,
    1.0
  ],
  "metrics": {
    "rmse_multiscale": 0.03219081462808685,
    "wssr_multiscale": 0.21036853223463614,
    "rmse_spectral": 0.032190814628285665,
    "wssr_spectral": 0.21036853223484403
  },
  "components": [
    {
      "kind": "osc",
      "half_life_h": 101.4004580536695,
      "half_life_d": 4.225019085569563,
      "period_h": 24.0,
      "share": 0.03797621762299962
    },
    {
      "kind": "real",
      "half_life_h": 1.2399377286471587,
      "half_life_d": 0.05166407202696494,
      "period_h": null,
      "share": 0.13826418417950462
    },
    {
      "kind": "real",
      "half_life_h": 34.264290626643934,
      "half_life_d": 1.427678776110164,
      "period_h": null,
      "share": 0.7015922719855285
    },
    {
      "kind": "real",
      "half_life_h": 1679.9999999999986,
      "half_life_d": 69.99999999999994,
      "period_h": null,
      "share": 0.12216732621196727
    }
  ],
  "note": "Kr=3 Kc=1 period=24h fixed; all half-lives <= 70 days. CARMA(5,4). Monic b[-1]=1 (book convention)."
}