{
  "eigen1": {
    "lambda_r": -0.00024,
    "half_life_h": 2888.1132523331053,
    "N_increments": 17320,
    "warmup": 200,
    "dL_mean": 0.00029094682018016303,
    "dL_std": 0.031122413778620097,
    "gaussian": {
      "mu": 0.00029094682018016303,
      "sigma": 0.031122413778620097,
      "loglik": 35521.38857569854,
      "aic": -71038.77715139708
    },
    "nig": {
      "alpha": 9.936998928376203,
      "beta": 0.8136326239815503,
      "mu": -0.00772941577584519,
      "delta": 0.0976248215525213,
      "loglik": 35552.09658895021,
      "aic": -71096.19317790042
    },
    "simulation": {
      "sd_ratio": 5.404054643890572,
      "sd_sim": 0.1528208809692843,
      "skew_sim": -0.1754856954398581,
      "kurt_sim": 3.018508187690361
    }
  },
  "eigen2": {
    "lambda_r": -0.02436,
    "half_life_h": 28.45431775697641,
    "N_increments": 17320,
    "warmup": 200,
    "dL_mean": 4.000051714154113e-06,
    "dL_std": 0.0001318646913411154,
    "gaussian": {
      "mu": 4.000051714154113e-06,
      "sigma": 0.0001318646913411154,
      "loglik": 130156.26141159129,
      "aic": -260308.52282318257
    },
    "nig": {
      "alpha": 5.932363870565839,
      "beta": 0.7889478760265936,
      "mu": -3.853361612741553e-05,
      "delta": 0.0003169840308159704,
      "loglik": 130243.56468294945,
      "aic": -260479.1293658989
    },
    "simulation": {
      "sd_ratio": 0.022339953324157093,
      "sd_sim": 0.0006317499679004929,
      "skew_sim": 0.00707042188177729,
      "kurt_sim": 2.874255503750709
    }
  }
}