{"b_coefficients":[1,1273.5973519082697,2426.5301022897693,19885.402361828499],"sigma":1.070317006884928e-07,"loglik":55473.282821446664,"lambda":10,"AR_coefficients":[0.0534820947959507,0.06946391061298704,0.001691425470122711,4.095667400304434e-07],"AR_order":4,"MA_order":3,"note":"CARMA(9,8) ACF-penalized Kalman MLE (lambda=10, nb14)."}
