{
  "gaussian": {
    "mean": 8.213868604058861e-06,
    "variance": 0.00010297022848905383,
    "std": 0.010147424722019564,
    "m_rate": 8.213868604058861e-06,
    "nu2_rate": 0.00010297022848905383,
    "N": 17520
  },
  "nig": {
    "mu": 0.00025771886366720854,
    "delta": 0.007462082604217917,
    "alpha": 73.01571452628953,
    "beta": -2.4399929723914497,
    "gamma": 72.97493406697458,
    "scipy_a": 0.5448492932011666,
    "scipy_b": -0.018207429113696206,
    "scipy_loc": 0.00025771886366720854,
    "scipy_scale": 0.007462082604217917,
    "loglik": 57346.19154821152,
    "mean": 8.216355080001335e-06,
    "variance": 0.0001023697393650118,
    "std": 0.010117793206278324,
    "skew": -0.13585530721400707,
    "excess_kurtosis": 5.533795595782918,
    "success": true,
    "message": "CONVERGENCE: RELATIVE REDUCTION OF F <= FACTR*EPSMCH",
    "N": 17520
  },
  "source": "recovered hourly Levy increments from notebooks/03mle.ipynb"
}