{
  "m_qmle": -0.00019312523992890318,
  "nu2_qmle": 5.5576416116561385,
  "loglik_qmle": -86343.23868996392,
  "reduced_likelihood_qmle": 1.412657735075574,
  "acf_weighted_mse": 0.010111533596830683,
  "penalized_objective": 1.413668888435257,
  "lambda_acf": 0.1,
  "stationary_mean": -0.0014640796195949076,
  "carma_order": [
    5,
    4
  ],
  "ar_coefficients": [
    0.37733444321478704,
    0.07954332831213,
    0.02525224981871867,
    0.00048498478159523584,
    2.396404750730363e-06
  ],
  "b_coefficients": [
    1.816710936973522e-05,
    0.002228816098724456,
    0.06899752165523967,
    0.05537632614538862,
    1.0
  ],
  "ar_roots": [
    [
      -0.34657359027997264,
      0.0
    ],
    [
      -0.010475012611738077,
      0.0
    ],
    [
      -0.009627044174443685,
      0.0
    ],
    [
      -0.005329398074316307,
      0.2617993877991494
    ],
    [
      -0.005329398074316307,
      -0.2617993877991494
    ]
  ],
  "ma_roots": [
    [
      -0.01636275764438456,
      0.0
    ],
    [
      -0.016330234351742755,
      0.0
    ],
    [
      -0.011341667074630652,
      0.2604997015630672
    ],
    [
      -0.011341667074630652,
      -0.2604997015630672
    ]
  ],
  "ar_real_half_lives_h": [
    2.0,
    66.17148888042571,
    72.0
  ],
  "ar_complex_half_life_h": 130.0610633497981,
  "ar_complex_period_h": 24.0,
  "ar_complex_half_life_fixed_from_02": 130.0610633497981,
  "ma_real_half_lives_h": [
    42.361269146941275,
    42.44563584514468
  ],
  "ma_complex_half_life_h": 61.115105565952966,
  "ma_complex_period_h": 24.119740903650985,
  "source": "solar/Intensity_Model_solar/03mle_solar.ipynb",
  "note": "Joint exact Riccati QMLE over labelled real AR roots and MA roots; AR daily root fixed from notebook 02; b[-1]=1."
}