{
  "selected": {
    "Kr": 2,
    "Kc": 1,
    "order": 4
  },
  "roots": [
    [
      -0.043125868965259925,
      0.0
    ],
    [
      -0.0038830137693730135,
      0.0
    ],
    [
      -0.00879674458966776,
      0.2617993877991494
    ],
    [
      -0.00879674458966776,
      -0.2617993877991494
    ]
  ],
  "ar_coefficients": [
    0.06460237191396846,
    0.06961081078011797,
    0.0032285218788164595,
    1.149037226430583e-05
  ],
  "b_coefficients": [
    0.0004273146375995686,
    0.06854653108379201,
    0.04721584127066555,
    1.0
  ],
  "metrics": {
    "rmse_multiscale": 0.02257142673407535,
    "wssr_multiscale": 0.10492322924491052,
    "rmse_spectral": 0.02257142673407341,
    "wssr_spectral": 0.10492322924491751
  },
  "components": [
    {
      "component": "real_fast",
      "kind": "real",
      "half_life_h": 16.07265423725863,
      "half_life_d": 0.6696939265524429,
      "period_h": null,
      "share": 0.8362795597737955
    },
    {
      "component": "real_mid",
      "kind": "real",
      "half_life_h": 178.50752578502113,
      "half_life_d": 7.43781357437588,
      "period_h": null,
      "share": 0.12285459039841669
    },
    {
      "component": "osc_daily",
      "kind": "osc",
      "half_life_h": 78.795874257175,
      "half_life_d": 3.2831614273822916,
      "period_h": 24.0,
      "share": 0.04086584982778797
    }
  ],
  "calibration": {
    "max_fit_lag_h": 4320,
    "max_fit_lag_d": 180.0,
    "dense_lag_max_h": 336,
    "dense_lag_max_d": 14.0,
    "long_anchor_lags_h": [
      384,
      432,
      504,
      600,
      720,
      960,
      1200,
      1440,
      1800,
      2160,
      2520,
      2880,
      3600,
      4320
    ],
    "half_life_bounds_h": {
      "real_fast": {
        "lower": 0.5,
        "upper": 72.0
      },
      "real_mid": {
        "lower": 6.0,
        "upper": 720.0
      },
      "osc_daily": {
        "lower": 12.0,
        "upper": 1440.0
      }
    },
    "half_life_bounds_d": {
      "real_fast": {
        "lower": 0.020833333333333332,
        "upper": 3.0
      },
      "real_mid": {
        "lower": 0.25,
        "upper": 30.0
      },
      "osc_daily": {
        "lower": 0.5,
        "upper": 60.0
      }
    },
    "acf_plot_max_lag_h": 500,
    "n_fit_lags": 350
  },
  "note": "Wind XtQ. Kr=2 Kc=1 period=24h fixed; all half-lives are optimised inside explicit manual bounds. CARMA(4,3). Monic b[-1]=1 (book convention)."
}