{
  "m_qmle": 1.5728344046031538e-05,
  "nu2_qmle": 0.09934486421183525,
  "loglik_qmle": -6983.727776603612,
  "reduced_likelihood_qmle": -2.3068960531720433,
  "acf_weighted_mse": 0.000657393576624772,
  "penalized_objective": -2.306830313814381,
  "lambda_acf": 0.1,
  "stationary_mean": 0.0008311635100855532,
  "carma_order": [
    4,
    3
  ],
  "ar_coefficients": [
    0.05149727925761667,
    0.06923823917955707,
    0.00232680047737365,
    1.7463568200192024e-06
  ],
  "b_coefficients": [
    9.228613388293976e-05,
    0.06888441869444524,
    0.05391826623413597,
    1.0
  ],
  "ar_roots": [
    [
      -0.03313570476141961,
      0.0
    ],
    [
      -0.0007680853168615393,
      0.0
    ],
    [
      -0.00879674458966776,
      0.2617993877991494
    ],
    [
      -0.00879674458966776,
      -0.2617993877991494
    ]
  ],
  "ma_roots": [
    [
      -0.0013410971284191343,
      0.0
    ],
    [
      -0.026288584552858416,
      0.2610034825939002
    ],
    [
      -0.026288584552858416,
      -0.2610034825939002
    ]
  ],
  "ar_real_half_lives_h": [
    20.91843784674792,
    902.4351401380806
  ],
  "ar_complex_half_life_h": 78.795874257175,
  "ar_complex_period_h": 24.0,
  "ar_complex_half_life_fixed_from_04": 78.795874257175,
  "ma_real_half_lives_h": [
    516.8508423972371
  ],
  "ma_complex_half_life_h": 26.366850568399197,
  "ma_complex_period_h": 24.07318570900336,
  "source": "wind/02mle_wind.ipynb",
  "note": "Joint exact Riccati QMLE over labelled real AR roots and MA roots; daily AR pair fixed from 01order; b[-1]=1."
}