component,kind,half_life_h,half_life_d,period_h,share
real_fast,real,16.07265423725863,0.6696939265524429,inf,0.8362795597737955
real_mid,real,178.50752578502113,7.43781357437588,inf,0.12285459039841669
osc_daily,osc,78.795874257175,3.2831614273822916,24.0,0.04086584982778797
