{
  "gaussian": {
    "mean": -0.00027839669996492655,
    "variance": 0.0993317787536489,
    "std": 0.3151694445114388,
    "m_rate": -0.00027839669996492655,
    "nu2_rate": 0.0993317787536489,
    "N": 26304
  },
  "nig": {
    "mu": 0.007067544080737483,
    "delta": 0.13217836263334937,
    "alpha": 1.5339096338259366,
    "beta": -0.08511713594063351,
    "gamma": 1.5315462245434457,
    "scipy_a": 0.2027496638266328,
    "scipy_b": -0.011250643660673151,
    "scipy_loc": 0.007067544080737483,
    "scipy_scale": 0.13217836263334937,
    "loglik": 1624.9570194250086,
    "mean": -0.000278393952590222,
    "variance": 0.08657043319441662,
    "std": 0.2942285390549609,
    "skew": -0.3699927746767181,
    "excess_kurtosis": 15.001931576491684,
    "success": true,
    "message": "CONVERGENCE: RELATIVE REDUCTION OF F <= FACTR*EPSMCH",
    "N": 26304
  },
  "source": "recovered hourly Levy increments from wind/02mle_wind.ipynb"
}