{
  "selected": {
    "Kr": 2,
    "Kc": 1,
    "order": 4
  },
  "roots": [
    [
      -0.04312586931330666,
      0.0
    ],
    [
      -0.0038830138960941783,
      0.0
    ],
    [
      -0.008796744511706235,
      0.2617993877991494
    ],
    [
      -0.008796744511706235,
      -0.2617993877991494
    ]
  ],
  "ar_coefficients": [
    0.06460237223281332,
    0.06961081078658583,
    0.003228521911422613,
    1.1490372731794407e-05
  ],
  "b_coefficients": [
    0.00042731465250152957,
    0.0685465311014695,
    0.047215840648201154,
    1.0
  ],
  "metrics": {
    "rmse_multiscale": 0.022571426856894665,
    "wssr_multiscale": 0.10492322924491057,
    "rmse_spectral": 0.022571426856897555,
    "wssr_spectral": 0.10492322924491136
  },
  "components": [
    {
      "component": "real_fast",
      "kind": "real",
      "half_life_h": 16.07265410754449,
      "half_life_d": 0.6696939211476871,
      "period_h": null,
      "share": 0.8362795574625125
    },
    {
      "component": "real_mid",
      "kind": "real",
      "half_life_h": 178.5075199594737,
      "half_life_d": 7.437813331644738,
      "period_h": null,
      "share": 0.12285459402861972
    },
    {
      "component": "osc_daily",
      "kind": "osc",
      "half_life_h": 78.7958749555068,
      "half_life_d": 3.28316145647945,
      "period_h": 24.0,
      "share": 0.04086584850886795
    }
  ],
  "calibration": {
    "max_fit_lag_h": 4320,
    "max_fit_lag_d": 180.0,
    "dense_lag_max_h": 336,
    "dense_lag_max_d": 14.0,
    "long_anchor_lags_h": [
      384,
      432,
      504,
      600,
      720,
      960,
      1200,
      1440,
      1800,
      2160,
      2520,
      2880,
      3600,
      4320
    ],
    "half_life_bounds_h": {
      "real_fast": {
        "lower": 0.5,
        "upper": 72.0
      },
      "real_mid": {
        "lower": 6.0,
        "upper": 1920.0
      },
      "osc_daily": {
        "lower": 12.0,
        "upper": 1440.0
      }
    },
    "half_life_bounds_d": {
      "real_fast": {
        "lower": 0.020833333333333332,
        "upper": 3.0
      },
      "real_mid": {
        "lower": 0.25,
        "upper": 80.0
      },
      "osc_daily": {
        "lower": 0.5,
        "upper": 60.0
      }
    },
    "acf_plot_max_lag_h": 500,
    "n_fit_lags": 350
  },
  "note": "Wind XtQ. Kr=2 Kc=1 period=24h fixed; all half-lives are optimised inside explicit manual bounds. CARMA(4,3). Monic b[-1]=1 (book convention)."
}