{
  "b_coefficients": [
    0.00042731465250152957,
    0.0685465311014695,
    0.047215840648201154,
    1.0
  ],
  "AR_order": 4,
  "MA_order": 3,
  "acf_rmse_spectral": 0.022571426856897555,
  "acf_rmse_multiscale": 0.022571426856894665,
  "note": "CARMA(4,3) spectral b from ACF calibration with free half-lives and manual bounds. Monic b[-1]=1 (book convention)."
}