,spot_state,wind_state
spot_state,1.0,-0.05501605118927283
wind_state,-0.05501605118927282,1.0
