series,n,mean,std,skew,kurtosis
price_idiosyncratic_driver,26280,1.10153953551328e-05,0.6386609782125099,0.41169336995679434,84.28777107199393
