,mean,std,q01,q05,median,q95,q99,skew,excess_kurtosis
train_2024_Y,3.577562249684074e-15,0.02374614012191614,-0.05801908837570567,-0.04129602481519745,0.0009032588218235999,0.03751675516862639,0.05322750483052951,-0.10853493904592124,0.5433236639117855
test_2025_Y,0.003077616012635479,0.03679697998148311,-0.08370279928638451,-0.0545022489752434,-4.596656729072279e-05,0.06587924559812289,0.08956087989799855,0.18327341951568177,0.5324400915116763
train_2024_DeltaY,-9.07020125170971e-07,0.008671156952802045,-0.024673549461048196,-0.013816220067670571,0.00023108358803279952,0.013806736706214793,0.024631225761689707,0.02908752201313755,3.415008365583015
test_2025_DeltaY,6.327592952548249e-06,0.012513784650078597,-0.03399850445741818,-0.01873841660897423,5.392533581890008e-05,0.01932690592765326,0.03775731175269424,0.3587227825478066,7.823417779199017
train_2024_price,58.019463797814204,40.65593995323072,-14.3993,0.0,58.81,122.82700000000001,151.99550000000016,0.3382321864717344,0.4471870895429033
test_2025_price,61.51821689497718,46.838959114990885,-7.3941,-0.01,60.15,139.74199999999982,177.25119999999995,0.4783250953013259,0.6040636260066687
