{
  "model_name": "CARMA(4,3)",
  "horizon_h": 24,
  "calibration_sample": "2024_train",
  "forecast_sample": "2025_test",
  "uses_kalman_filter": true,
  "price_shift": 1000.0,
  "metrics": {
    "residual_Y": {
      "n": 8760.0,
      "mean_observed": 0.003077616012635479,
      "mean_forecast": 0.0013485855780787856,
      "bias": -0.0017290304345566943,
      "mae": 0.02039155844662243,
      "rmse": 0.02590088425450866,
      "error_std": 0.025843108538289878,
      "corr": 0.7647609290537861,
      "q05_error": -0.04269179563380753,
      "q50_error": -0.0015188307824190181,
      "q95_error": 0.04046370262456712
    },
    "log_price": {
      "n": 8760.0,
      "mean_observed": 6.96649250258296,
      "mean_forecast": 6.9647634721484035,
      "bias": -0.0017290304345566846,
      "mae": 0.02039155844662246,
      "rmse": 0.025900884254508684,
      "error_std": 0.02584310853828991,
      "corr": 0.8101189899971037,
      "q05_error": -0.04269179563380798,
      "q50_error": -0.0015188307824192115,
      "q95_error": 0.040463702624566715
    },
    "raw_price": {
      "n": 8760.0,
      "mean_observed": 61.51821689497718,
      "mean_forecast": 59.22118895221239,
      "bias": -2.29702794276478,
      "mae": 21.78510339620946,
      "rmse": 27.903157301609358,
      "error_std": 27.80844925608966,
      "corr": 0.808181200339833,
      "q05_error": -46.69473841069176,
      "q50_error": -1.5736590161530195,
      "q95_error": 42.37581342193493
    }
  }
}