"row","col","val"
1,1,0
2,1,0
3,1,-0.161163594914844
1,2,1
2,2,0
3,2,-1.85827342924239
1,3,0
2,3,1
3,3,-2.7417368516678
