"parameter","value"
"mu_gauss",8.3370401624358e-06
"sigma_gauss",0.999949171898287
